{"entrada_mean": [2983.641295154047, 1792.1330705099456, 2.7464526921048886, 5.333333333333333], "entrada_std": [1170.821552855163, 910.3312003087435, 0.47169510484831145, 3.68178700572925], "salida_mean": [67817.8918275083], "salida_std": [67704.79857576694]}